_corrida_sk_;#raceId;#circuito_sk;ano;rodada;nome_gp;data_gp;tipo_evento
1;1;1;2009;1;Australian Grand Prix;2009-03-29;GP
2;2;2;2009;2;Malaysian Grand Prix;2009-04-05;GP
3;3;17;2009;3;Chinese Grand Prix;2009-04-19;GP
4;4;3;2009;4;Bahrain Grand Prix;2009-04-26;GP
5;5;4;2009;5;Spanish Grand Prix;2009-05-10;GP
6;6;6;2009;6;Monaco Grand Prix;2009-05-24;GP
7;7;5;2009;7;Turkish Grand Prix;2009-06-07;GP
8;8;9;2009;8;British Grand Prix;2009-06-21;GP
9;9;20;2009;9;German Grand Prix;2009-07-12;GP
10;10;11;2009;10;Hungarian Grand Prix;2009-07-26;GP
11;11;12;2009;11;European Grand Prix;2009-08-23;GP
12;12;13;2009;12;Belgian Grand Prix;2009-08-30;GP
13;13;14;2009;13;Italian Grand Prix;2009-09-13;GP
14;14;15;2009;14;Singapore Grand Prix;2009-09-27;GP
15;15;22;2009;15;Japanese Grand Prix;2009-10-04;GP
16;16;18;2009;16;Brazilian Grand Prix;2009-10-18;GP
17;17;24;2009;17;Abu Dhabi Grand Prix;2009-11-01;GP
18;18;1;2008;1;Australian Grand Prix;2008-03-16;GP
19;19;2;2008;2;Malaysian Grand Prix;2008-03-23;GP
20;20;3;2008;3;Bahrain Grand Prix;2008-04-06;GP
21;21;4;2008;4;Spanish Grand Prix;2008-04-27;GP
22;22;5;2008;5;Turkish Grand Prix;2008-05-11;GP
23;23;6;2008;6;Monaco Grand Prix;2008-05-25;GP
24;24;7;2008;7;Canadian Grand Prix;2008-06-08;GP
25;25;8;2008;8;French Grand Prix;2008-06-22;GP
26;26;9;2008;9;British Grand Prix;2008-07-06;GP
27;27;10;2008;10;German Grand Prix;2008-07-20;GP
28;28;11;2008;11;Hungarian Grand Prix;2008-08-03;GP
29;29;12;2008;12;European Grand Prix;2008-08-24;GP
30;30;13;2008;13;Belgian Grand Prix;2008-09-07;GP
31;31;14;2008;14;Italian Grand Prix;2008-09-14;GP
32;32;15;2008;15;Singapore Grand Prix;2008-09-28;GP
33;33;16;2008;16;Japanese Grand Prix;2008-10-12;GP
34;34;17;2008;17;Chinese Grand Prix;2008-10-19;GP
35;35;18;2008;18;Brazilian Grand Prix;2008-11-02;GP
36;36;1;2007;1;Australian Grand Prix;2007-03-18;GP
37;37;2;2007;2;Malaysian Grand Prix;2007-04-08;GP
38;38;3;2007;3;Bahrain Grand Prix;2007-04-15;GP
39;39;4;2007;4;Spanish Grand Prix;2007-05-13;GP
40;40;6;2007;5;Monaco Grand Prix;2007-05-27;GP
41;41;7;2007;6;Canadian Grand Prix;2007-06-10;GP
42;42;19;2007;7;United States Grand Prix;2007-06-17;GP
43;43;8;2007;8;French Grand Prix;2007-07-01;GP
44;44;9;2007;9;British Grand Prix;2007-07-08;GP
45;45;20;2007;10;European Grand Prix;2007-07-22;GP
46;46;11;2007;11;Hungarian Grand Prix;2007-08-05;GP
47;47;5;2007;12;Turkish Grand Prix;2007-08-26;GP
48;48;14;2007;13;Italian Grand Prix;2007-09-09;GP
49;49;13;2007;14;Belgian Grand Prix;2007-09-16;GP
50;50;16;2007;15;Japanese Grand Prix;2007-09-30;GP
51;51;17;2007;16;Chinese Grand Prix;2007-10-07;GP
52;52;18;2007;17;Brazilian Grand Prix;2007-10-21;GP
53;53;3;2006;1;Bahrain Grand Prix;2006-03-12;GP
54;54;2;2006;2;Malaysian Grand Prix;2006-03-19;GP
55;55;1;2006;3;Australian Grand Prix;2006-04-02;GP
56;56;21;2006;4;San Marino Grand Prix;2006-04-23;GP
57;57;20;2006;5;European Grand Prix;2006-05-07;GP
58;58;4;2006;6;Spanish Grand Prix;2006-05-14;GP
59;59;6;2006;7;Monaco Grand Prix;2006-05-28;GP
60;60;9;2006;8;British Grand Prix;2006-06-11;GP
61;61;7;2006;9;Canadian Grand Prix;2006-06-25;GP
62;62;19;2006;10;United States Grand Prix;2006-07-02;GP
63;63;8;2006;11;French Grand Prix;2006-07-16;GP
64;64;10;2006;12;German Grand Prix;2006-07-30;GP
65;65;11;2006;13;Hungarian Grand Prix;2006-08-06;GP
66;66;5;2006;14;Turkish Grand Prix;2006-08-27;GP
67;67;14;2006;15;Italian Grand Prix;2006-09-10;GP
68;68;17;2006;16;Chinese Grand Prix;2006-10-01;GP
69;69;22;2006;17;Japanese Grand Prix;2006-10-08;GP
70;70;18;2006;18;Brazilian Grand Prix;2006-10-22;GP
71;71;1;2005;1;Australian Grand Prix;2005-03-06;GP
72;72;2;2005;2;Malaysian Grand Prix;2005-03-20;GP
73;73;3;2005;3;Bahrain Grand Prix;2005-04-03;GP
74;74;21;2005;4;San Marino Grand Prix;2005-04-24;GP
75;75;4;2005;5;Spanish Grand Prix;2005-05-08;GP
76;76;6;2005;6;Monaco Grand Prix;2005-05-22;GP
77;77;20;2005;7;European Grand Prix;2005-05-29;GP
78;78;7;2005;8;Canadian Grand Prix;2005-06-12;GP
79;79;19;2005;9;United States Grand Prix;2005-06-19;GP
80;80;8;2005;10;French Grand Prix;2005-07-03;GP
81;81;9;2005;11;British Grand Prix;2005-07-10;GP
82;82;10;2005;12;German Grand Prix;2005-07-24;GP
83;83;11;2005;13;Hungarian Grand Prix;2005-07-31;GP
84;84;5;2005;14;Turkish Grand Prix;2005-08-21;GP
85;85;14;2005;15;Italian Grand Prix;2005-09-04;GP
86;86;13;2005;16;Belgian Grand Prix;2005-09-11;GP
87;87;18;2005;17;Brazilian Grand Prix;2005-09-25;GP
88;88;22;2005;18;Japanese Grand Prix;2005-10-09;GP
89;89;17;2005;19;Chinese Grand Prix;2005-10-16;GP
90;90;1;2004;1;Australian Grand Prix;2004-03-07;GP
91;91;2;2004;2;Malaysian Grand Prix;2004-03-21;GP
92;92;3;2004;3;Bahrain Grand Prix;2004-04-04;GP
93;93;21;2004;4;San Marino Grand Prix;2004-04-25;GP
94;94;4;2004;5;Spanish Grand Prix;2004-05-09;GP
95;95;6;2004;6;Monaco Grand Prix;2004-05-23;GP
96;96;20;2004;7;European Grand Prix;2004-05-30;GP
97;97;7;2004;8;Canadian Grand Prix;2004-06-13;GP
98;98;19;2004;9;United States Grand Prix;2004-06-20;GP
99;99;8;2004;10;French Grand Prix;2004-07-04;GP
100;100;9;2004;11;British Grand Prix;2004-07-11;GP
101;101;10;2004;12;German Grand Prix;2004-07-25;GP
102;102;11;2004;13;Hungarian Grand Prix;2004-08-15;GP
103;103;13;2004;14;Belgian Grand Prix;2004-08-29;GP
104;104;14;2004;15;Italian Grand Prix;2004-09-12;GP
105;105;17;2004;16;Chinese Grand Prix;2004-09-26;GP
106;106;22;2004;17;Japanese Grand Prix;2004-10-10;GP
107;107;18;2004;18;Brazilian Grand Prix;2004-10-24;GP
108;108;1;2003;1;Australian Grand Prix;2003-03-09;GP
109;109;2;2003;2;Malaysian Grand Prix;2003-03-23;GP
110;110;18;2003;3;Brazilian Grand Prix;2003-04-06;GP
111;111;21;2003;4;San Marino Grand Prix;2003-04-20;GP
112;112;4;2003;5;Spanish Grand Prix;2003-05-04;GP
113;113;70;2003;6;Austrian Grand Prix;2003-05-18;GP
114;114;6;2003;7;Monaco Grand Prix;2003-06-01;GP
115;115;7;2003;8;Canadian Grand Prix;2003-06-15;GP
116;116;20;2003;9;European Grand Prix;2003-06-29;GP
117;117;8;2003;10;French Grand Prix;2003-07-06;GP
118;118;9;2003;11;British Grand Prix;2003-07-20;GP
119;119;10;2003;12;German Grand Prix;2003-08-03;GP
120;120;11;2003;13;Hungarian Grand Prix;2003-08-24;GP
121;121;14;2003;14;Italian Grand Prix;2003-09-14;GP
122;122;19;2003;15;United States Grand Prix;2003-09-28;GP
123;123;22;2003;16;Japanese Grand Prix;2003-10-12;GP
124;124;1;2002;1;Australian Grand Prix;2002-03-03;GP
125;125;2;2002;2;Malaysian Grand Prix;2002-03-17;GP
126;126;18;2002;3;Brazilian Grand Prix;2002-03-31;GP
127;127;21;2002;4;San Marino Grand Prix;2002-04-14;GP
128;128;4;2002;5;Spanish Grand Prix;2002-04-28;GP
129;129;70;2002;6;Austrian Grand Prix;2002-05-12;GP
130;130;6;2002;7;Monaco Grand Prix;2002-05-26;GP
131;131;7;2002;8;Canadian Grand Prix;2002-06-09;GP
132;132;20;2002;9;European Grand Prix;2002-06-23;GP
133;133;9;2002;10;British Grand Prix;2002-07-07;GP
134;134;8;2002;11;French Grand Prix;2002-07-21;GP
135;135;10;2002;12;German Grand Prix;2002-07-28;GP
136;136;11;2002;13;Hungarian Grand Prix;2002-08-18;GP
137;137;13;2002;14;Belgian Grand Prix;2002-09-01;GP
138;138;14;2002;15;Italian Grand Prix;2002-09-15;GP
139;139;19;2002;16;United States Grand Prix;2002-09-29;GP
140;140;22;2002;17;Japanese Grand Prix;2002-10-13;GP
141;141;1;2001;1;Australian Grand Prix;2001-03-04;GP
142;142;2;2001;2;Malaysian Grand Prix;2001-03-18;GP
143;143;18;2001;3;Brazilian Grand Prix;2001-04-01;GP
144;144;21;2001;4;San Marino Grand Prix;2001-04-15;GP
145;145;4;2001;5;Spanish Grand Prix;2001-04-29;GP
146;146;70;2001;6;Austrian Grand Prix;2001-05-13;GP
147;147;6;2001;7;Monaco Grand Prix;2001-05-27;GP
148;148;7;2001;8;Canadian Grand Prix;2001-06-10;GP
149;149;20;2001;9;European Grand Prix;2001-06-24;GP
150;150;8;2001;10;French Grand Prix;2001-07-01;GP
151;151;9;2001;11;British Grand Prix;2001-07-15;GP
152;152;10;2001;12;German Grand Prix;2001-07-29;GP
153;153;11;2001;13;Hungarian Grand Prix;2001-08-19;GP
154;154;13;2001;14;Belgian Grand Prix;2001-09-02;GP
155;155;14;2001;15;Italian Grand Prix;2001-09-16;GP
156;156;19;2001;16;United States Grand Prix;2001-09-30;GP
157;157;22;2001;17;Japanese Grand Prix;2001-10-14;GP
158;158;1;2000;1;Australian Grand Prix;2000-03-12;GP
159;159;18;2000;2;Brazilian Grand Prix;2000-03-26;GP
160;160;21;2000;3;San Marino Grand Prix;2000-04-09;GP
161;161;9;2000;4;British Grand Prix;2000-04-23;GP
162;162;4;2000;5;Spanish Grand Prix;2000-05-07;GP
163;163;20;2000;6;European Grand Prix;2000-05-21;GP
164;164;6;2000;7;Monaco Grand Prix;2000-06-04;GP
165;165;7;2000;8;Canadian Grand Prix;2000-06-18;GP
166;166;8;2000;9;French Grand Prix;2000-07-02;GP
167;167;70;2000;10;Austrian Grand Prix;2000-07-16;GP
168;168;10;2000;11;German Grand Prix;2000-07-30;GP
169;169;11;2000;12;Hungarian Grand Prix;2000-08-13;GP
170;170;13;2000;13;Belgian Grand Prix;2000-08-27;GP
171;171;14;2000;14;Italian Grand Prix;2000-09-10;GP
172;172;19;2000;15;United States Grand Prix;2000-09-24;GP
173;173;22;2000;16;Japanese Grand Prix;2000-10-08;GP
174;174;2;2000;17;Malaysian Grand Prix;2000-10-22;GP
175;175;1;1999;1;Australian Grand Prix;1999-03-07;GP
176;176;18;1999;2;Brazilian Grand Prix;1999-04-11;GP
177;177;21;1999;3;San Marino Grand Prix;1999-05-02;GP
178;178;6;1999;4;Monaco Grand Prix;1999-05-16;GP
179;179;4;1999;5;Spanish Grand Prix;1999-05-30;GP
180;180;7;1999;6;Canadian Grand Prix;1999-06-13;GP
181;181;8;1999;7;French Grand Prix;1999-06-27;GP
182;182;9;1999;8;British Grand Prix;1999-07-11;GP
183;183;70;1999;9;Austrian Grand Prix;1999-07-25;GP
184;184;10;1999;10;German Grand Prix;1999-08-01;GP
185;185;11;1999;11;Hungarian Grand Prix;1999-08-15;GP
186;186;13;1999;12;Belgian Grand Prix;1999-08-29;GP
187;187;14;1999;13;Italian Grand Prix;1999-09-12;GP
188;188;20;1999;14;European Grand Prix;1999-09-26;GP
189;189;2;1999;15;Malaysian Grand Prix;1999-10-17;GP
190;190;22;1999;16;Japanese Grand Prix;1999-10-31;GP
191;191;1;1998;1;Australian Grand Prix;1998-03-08;GP
192;192;18;1998;2;Brazilian Grand Prix;1998-03-29;GP
193;193;25;1998;3;Argentine Grand Prix;1998-04-12;GP
194;194;21;1998;4;San Marino Grand Prix;1998-04-26;GP
195;195;4;1998;5;Spanish Grand Prix;1998-05-10;GP
196;196;6;1998;6;Monaco Grand Prix;1998-05-24;GP
197;197;7;1998;7;Canadian Grand Prix;1998-06-07;GP
198;198;8;1998;8;French Grand Prix;1998-06-28;GP
199;199;9;1998;9;British Grand Prix;1998-07-12;GP
200;200;70;1998;10;Austrian Grand Prix;1998-07-26;GP
201;201;10;1998;11;German Grand Prix;1998-08-02;GP
202;202;11;1998;12;Hungarian Grand Prix;1998-08-16;GP
203;203;13;1998;13;Belgian Grand Prix;1998-08-30;GP
204;204;14;1998;14;Italian Grand Prix;1998-09-13;GP
205;205;20;1998;15;Luxembourg Grand Prix;1998-09-27;GP
206;206;22;1998;16;Japanese Grand Prix;1998-11-01;GP
207;207;1;1997;1;Australian Grand Prix;1997-03-09;GP
208;208;18;1997;2;Brazilian Grand Prix;1997-03-30;GP
209;209;25;1997;3;Argentine Grand Prix;1997-04-13;GP
210;210;21;1997;4;San Marino Grand Prix;1997-04-27;GP
211;211;6;1997;5;Monaco Grand Prix;1997-05-11;GP
212;212;4;1997;6;Spanish Grand Prix;1997-05-25;GP
213;213;7;1997;7;Canadian Grand Prix;1997-06-15;GP
214;214;8;1997;8;French Grand Prix;1997-06-29;GP
215;215;9;1997;9;British Grand Prix;1997-07-13;GP
216;216;10;1997;10;German Grand Prix;1997-07-27;GP
217;217;11;1997;11;Hungarian Grand Prix;1997-08-10;GP
218;218;13;1997;12;Belgian Grand Prix;1997-08-24;GP
219;219;14;1997;13;Italian Grand Prix;1997-09-07;GP
220;220;70;1997;14;Austrian Grand Prix;1997-09-21;GP
221;221;20;1997;15;Luxembourg Grand Prix;1997-09-28;GP
222;222;22;1997;16;Japanese Grand Prix;1997-10-12;GP
223;223;26;1997;17;European Grand Prix;1997-10-26;GP
224;224;1;1996;1;Australian Grand Prix;1996-03-10;GP
225;225;18;1996;2;Brazilian Grand Prix;1996-03-31;GP
226;226;25;1996;3;Argentine Grand Prix;1996-04-07;GP
227;227;20;1996;4;European Grand Prix;1996-04-28;GP
228;228;21;1996;5;San Marino Grand Prix;1996-05-05;GP
229;229;6;1996;6;Monaco Grand Prix;1996-05-19;GP
230;230;4;1996;7;Spanish Grand Prix;1996-06-02;GP
231;231;7;1996;8;Canadian Grand Prix;1996-06-16;GP
232;232;8;1996;9;French Grand Prix;1996-06-30;GP
233;233;9;1996;10;British Grand Prix;1996-07-14;GP
234;234;10;1996;11;German Grand Prix;1996-07-28;GP
235;235;11;1996;12;Hungarian Grand Prix;1996-08-11;GP
236;236;13;1996;13;Belgian Grand Prix;1996-08-25;GP
237;237;14;1996;14;Italian Grand Prix;1996-09-08;GP
238;238;27;1996;15;Portuguese Grand Prix;1996-09-22;GP
239;239;22;1996;16;Japanese Grand Prix;1996-10-13;GP
240;240;18;1995;1;Brazilian Grand Prix;1995-03-26;GP
241;241;25;1995;2;Argentine Grand Prix;1995-04-09;GP
242;242;21;1995;3;San Marino Grand Prix;1995-04-30;GP
243;243;4;1995;4;Spanish Grand Prix;1995-05-14;GP
244;244;6;1995;5;Monaco Grand Prix;1995-05-28;GP
245;245;7;1995;6;Canadian Grand Prix;1995-06-11;GP
246;246;8;1995;7;French Grand Prix;1995-07-02;GP
247;247;9;1995;8;British Grand Prix;1995-07-16;GP
248;248;10;1995;9;German Grand Prix;1995-07-30;GP
249;249;11;1995;10;Hungarian Grand Prix;1995-08-13;GP
250;250;13;1995;11;Belgian Grand Prix;1995-08-27;GP
251;251;14;1995;12;Italian Grand Prix;1995-09-10;GP
252;252;27;1995;13;Portuguese Grand Prix;1995-09-24;GP
253;253;20;1995;14;European Grand Prix;1995-10-01;GP
254;254;28;1995;15;Pacific Grand Prix;1995-10-22;GP
255;255;22;1995;16;Japanese Grand Prix;1995-10-29;GP
256;256;29;1995;17;Australian Grand Prix;1995-11-12;GP
257;257;18;1994;1;Brazilian Grand Prix;1994-03-27;GP
258;258;28;1994;2;Pacific Grand Prix;1994-04-17;GP
259;259;21;1994;3;San Marino Grand Prix;1994-05-01;GP
260;260;6;1994;4;Monaco Grand Prix;1994-05-15;GP
261;261;4;1994;5;Spanish Grand Prix;1994-05-29;GP
262;262;7;1994;6;Canadian Grand Prix;1994-06-12;GP
263;263;8;1994;7;French Grand Prix;1994-07-03;GP
264;264;9;1994;8;British Grand Prix;1994-07-10;GP
265;265;10;1994;9;German Grand Prix;1994-07-31;GP
266;266;11;1994;10;Hungarian Grand Prix;1994-08-14;GP
267;267;13;1994;11;Belgian Grand Prix;1994-08-28;GP
268;268;14;1994;12;Italian Grand Prix;1994-09-11;GP
269;269;27;1994;13;Portuguese Grand Prix;1994-09-25;GP
270;270;26;1994;14;European Grand Prix;1994-10-16;GP
271;271;22;1994;15;Japanese Grand Prix;1994-11-06;GP
272;272;29;1994;16;Australian Grand Prix;1994-11-13;GP
273;273;30;1993;1;South African Grand Prix;1993-03-14;GP
274;274;18;1993;2;Brazilian Grand Prix;1993-03-28;GP
275;275;31;1993;3;European Grand Prix;1993-04-11;GP
276;276;21;1993;4;San Marino Grand Prix;1993-04-25;GP
277;277;4;1993;5;Spanish Grand Prix;1993-05-09;GP
278;278;6;1993;6;Monaco Grand Prix;1993-05-23;GP
279;279;7;1993;7;Canadian Grand Prix;1993-06-13;GP
280;280;8;1993;8;French Grand Prix;1993-07-04;GP
281;281;9;1993;9;British Grand Prix;1993-07-11;GP
282;282;10;1993;10;German Grand Prix;1993-07-25;GP
283;283;11;1993;11;Hungarian Grand Prix;1993-08-15;GP
284;284;13;1993;12;Belgian Grand Prix;1993-08-29;GP
285;285;14;1993;13;Italian Grand Prix;1993-09-12;GP
286;286;27;1993;14;Portuguese Grand Prix;1993-09-26;GP
287;287;22;1993;15;Japanese Grand Prix;1993-10-24;GP
288;288;29;1993;16;Australian Grand Prix;1993-11-07;GP
289;289;30;1992;1;South African Grand Prix;1992-03-01;GP
290;290;32;1992;2;Mexican Grand Prix;1992-03-22;GP
291;291;18;1992;3;Brazilian Grand Prix;1992-04-05;GP
292;292;4;1992;4;Spanish Grand Prix;1992-05-03;GP
293;293;21;1992;5;San Marino Grand Prix;1992-05-17;GP
294;294;6;1992;6;Monaco Grand Prix;1992-05-31;GP
295;295;7;1992;7;Canadian Grand Prix;1992-06-14;GP
296;296;8;1992;8;French Grand Prix;1992-07-05;GP
297;297;9;1992;9;British Grand Prix;1992-07-12;GP
298;298;10;1992;10;German Grand Prix;1992-07-26;GP
299;299;11;1992;11;Hungarian Grand Prix;1992-08-16;GP
300;300;13;1992;12;Belgian Grand Prix;1992-08-30;GP
301;301;14;1992;13;Italian Grand Prix;1992-09-13;GP
302;302;27;1992;14;Portuguese Grand Prix;1992-09-27;GP
303;303;22;1992;15;Japanese Grand Prix;1992-10-25;GP
304;304;29;1992;16;Australian Grand Prix;1992-11-08;GP
305;305;33;1991;1;United States Grand Prix;1991-03-10;GP
306;306;18;1991;2;Brazilian Grand Prix;1991-03-24;GP
307;307;21;1991;3;San Marino Grand Prix;1991-04-28;GP
308;308;6;1991;4;Monaco Grand Prix;1991-05-12;GP
309;309;7;1991;5;Canadian Grand Prix;1991-06-02;GP
310;310;32;1991;6;Mexican Grand Prix;1991-06-16;GP
311;311;8;1991;7;French Grand Prix;1991-07-07;GP
312;312;9;1991;8;British Grand Prix;1991-07-14;GP
313;313;10;1991;9;German Grand Prix;1991-07-28;GP
314;314;11;1991;10;Hungarian Grand Prix;1991-08-11;GP
315;315;13;1991;11;Belgian Grand Prix;1991-08-25;GP
316;316;14;1991;12;Italian Grand Prix;1991-09-08;GP
317;317;27;1991;13;Portuguese Grand Prix;1991-09-22;GP
318;318;4;1991;14;Spanish Grand Prix;1991-09-29;GP
319;319;22;1991;15;Japanese Grand Prix;1991-10-20;GP
320;320;29;1991;16;Australian Grand Prix;1991-11-03;GP
321;321;33;1990;1;United States Grand Prix;1990-03-11;GP
322;322;18;1990;2;Brazilian Grand Prix;1990-03-25;GP
323;323;21;1990;3;San Marino Grand Prix;1990-05-13;GP
324;324;6;1990;4;Monaco Grand Prix;1990-05-27;GP
325;325;7;1990;5;Canadian Grand Prix;1990-06-10;GP
326;326;32;1990;6;Mexican Grand Prix;1990-06-24;GP
327;327;34;1990;7;French Grand Prix;1990-07-08;GP
328;328;9;1990;8;British Grand Prix;1990-07-15;GP
329;329;10;1990;9;German Grand Prix;1990-07-29;GP
330;330;11;1990;10;Hungarian Grand Prix;1990-08-12;GP
331;331;13;1990;11;Belgian Grand Prix;1990-08-26;GP
332;332;14;1990;12;Italian Grand Prix;1990-09-09;GP
333;333;27;1990;13;Portuguese Grand Prix;1990-09-23;GP
334;334;26;1990;14;Spanish Grand Prix;1990-09-30;GP
335;335;22;1990;15;Japanese Grand Prix;1990-10-21;GP
336;336;29;1990;16;Australian Grand Prix;1990-11-04;GP
337;337;3;2010;1;Bahrain Grand Prix;2010-03-14;GP
338;338;1;2010;2;Australian Grand Prix;2010-03-28;GP
339;339;2;2010;3;Malaysian Grand Prix;2010-04-04;GP
340;340;17;2010;4;Chinese Grand Prix;2010-04-18;GP
341;341;4;2010;5;Spanish Grand Prix;2010-05-09;GP
342;342;6;2010;6;Monaco Grand Prix;2010-05-16;GP
343;343;5;2010;7;Turkish Grand Prix;2010-05-30;GP
344;344;7;2010;8;Canadian Grand Prix;2010-06-13;GP
345;345;12;2010;9;European Grand Prix;2010-06-27;GP
346;346;9;2010;10;British Grand Prix;2010-07-11;GP
347;347;10;2010;11;German Grand Prix;2010-07-25;GP
348;348;11;2010;12;Hungarian Grand Prix;2010-08-01;GP
349;349;13;2010;13;Belgian Grand Prix;2010-08-29;GP
350;350;14;2010;14;Italian Grand Prix;2010-09-12;GP
351;351;15;2010;15;Singapore Grand Prix;2010-09-26;GP
352;352;22;2010;16;Japanese Grand Prix;2010-10-10;GP
353;353;35;2010;17;Korean Grand Prix;2010-10-24;GP
354;354;18;2010;18;Brazilian Grand Prix;2010-11-07;GP
355;355;24;2010;19;Abu Dhabi Grand Prix;2010-11-14;GP
356;356;36;1989;1;Brazilian Grand Prix;1989-03-26;GP
357;357;21;1989;2;San Marino Grand Prix;1989-04-23;GP
358;358;6;1989;3;Monaco Grand Prix;1989-05-07;GP
359;359;32;1989;4;Mexican Grand Prix;1989-05-28;GP
360;360;33;1989;5;United States Grand Prix;1989-06-04;GP
361;361;7;1989;6;Canadian Grand Prix;1989-06-18;GP
362;362;34;1989;7;French Grand Prix;1989-07-09;GP
363;363;9;1989;8;British Grand Prix;1989-07-16;GP
364;364;10;1989;9;German Grand Prix;1989-07-30;GP
365;365;11;1989;10;Hungarian Grand Prix;1989-08-13;GP
366;366;13;1989;11;Belgian Grand Prix;1989-08-27;GP
367;367;14;1989;12;Italian Grand Prix;1989-09-10;GP
368;368;27;1989;13;Portuguese Grand Prix;1989-09-24;GP
369;369;26;1989;14;Spanish Grand Prix;1989-10-01;GP
370;370;22;1989;15;Japanese Grand Prix;1989-10-22;GP
371;371;29;1989;16;Australian Grand Prix;1989-11-05;GP
372;372;36;1988;1;Brazilian Grand Prix;1988-04-03;GP
373;373;21;1988;2;San Marino Grand Prix;1988-05-01;GP
374;374;6;1988;3;Monaco Grand Prix;1988-05-15;GP
375;375;32;1988;4;Mexican Grand Prix;1988-05-29;GP
376;376;7;1988;5;Canadian Grand Prix;1988-06-12;GP
377;377;37;1988;6;Detroit Grand Prix;1988-06-19;GP
378;378;34;1988;7;French Grand Prix;1988-07-03;GP
379;379;9;1988;8;British Grand Prix;1988-07-10;GP
380;380;10;1988;9;German Grand Prix;1988-07-24;GP
381;381;11;1988;10;Hungarian Grand Prix;1988-08-07;GP
382;382;13;1988;11;Belgian Grand Prix;1988-08-28;GP
383;383;14;1988;12;Italian Grand Prix;1988-09-11;GP
384;384;27;1988;13;Portuguese Grand Prix;1988-09-25;GP
385;385;26;1988;14;Spanish Grand Prix;1988-10-02;GP
386;386;22;1988;15;Japanese Grand Prix;1988-10-30;GP
387;387;29;1988;16;Australian Grand Prix;1988-11-13;GP
388;388;36;1987;1;Brazilian Grand Prix;1987-04-12;GP
389;389;21;1987;2;San Marino Grand Prix;1987-05-03;GP
390;390;13;1987;3;Belgian Grand Prix;1987-05-17;GP
391;391;6;1987;4;Monaco Grand Prix;1987-05-31;GP
392;392;37;1987;5;Detroit Grand Prix;1987-06-21;GP
393;393;34;1987;6;French Grand Prix;1987-07-05;GP
394;394;9;1987;7;British Grand Prix;1987-07-12;GP
395;395;10;1987;8;German Grand Prix;1987-07-26;GP
396;396;11;1987;9;Hungarian Grand Prix;1987-08-09;GP
397;397;70;1987;10;Austrian Grand Prix;1987-08-16;GP
398;398;14;1987;11;Italian Grand Prix;1987-09-06;GP
399;399;27;1987;12;Portuguese Grand Prix;1987-09-20;GP
400;400;26;1987;13;Spanish Grand Prix;1987-09-27;GP
401;401;32;1987;14;Mexican Grand Prix;1987-10-18;GP
402;402;22;1987;15;Japanese Grand Prix;1987-11-01;GP
403;403;29;1987;16;Australian Grand Prix;1987-11-15;GP
404;404;36;1986;1;Brazilian Grand Prix;1986-03-23;GP
405;405;26;1986;2;Spanish Grand Prix;1986-04-13;GP
406;406;21;1986;3;San Marino Grand Prix;1986-04-27;GP
407;407;6;1986;4;Monaco Grand Prix;1986-05-11;GP
408;408;13;1986;5;Belgian Grand Prix;1986-05-25;GP
409;409;7;1986;6;Canadian Grand Prix;1986-06-15;GP
410;410;37;1986;7;Detroit Grand Prix;1986-06-22;GP
411;411;34;1986;8;French Grand Prix;1986-07-06;GP
412;412;38;1986;9;British Grand Prix;1986-07-13;GP
413;413;10;1986;10;German Grand Prix;1986-07-27;GP
414;414;11;1986;11;Hungarian Grand Prix;1986-08-10;GP
415;415;70;1986;12;Austrian Grand Prix;1986-08-17;GP
416;416;14;1986;13;Italian Grand Prix;1986-09-07;GP
417;417;27;1986;14;Portuguese Grand Prix;1986-09-21;GP
418;418;32;1986;15;Mexican Grand Prix;1986-10-12;GP
419;419;29;1986;16;Australian Grand Prix;1986-10-26;GP
420;420;36;1985;1;Brazilian Grand Prix;1985-04-07;GP
421;421;27;1985;2;Portuguese Grand Prix;1985-04-21;GP
422;422;21;1985;3;San Marino Grand Prix;1985-05-05;GP
423;423;6;1985;4;Monaco Grand Prix;1985-05-19;GP
424;424;7;1985;5;Canadian Grand Prix;1985-06-16;GP
425;425;37;1985;6;Detroit Grand Prix;1985-06-23;GP
426;426;34;1985;7;French Grand Prix;1985-07-07;GP
427;427;9;1985;8;British Grand Prix;1985-07-21;GP
428;428;20;1985;9;German Grand Prix;1985-08-04;GP
429;429;70;1985;10;Austrian Grand Prix;1985-08-18;GP
430;430;39;1985;11;Dutch Grand Prix;1985-08-25;GP
431;431;14;1985;12;Italian Grand Prix;1985-09-08;GP
432;432;13;1985;13;Belgian Grand Prix;1985-09-15;GP
433;433;38;1985;14;European Grand Prix;1985-10-06;GP
434;434;30;1985;15;South African Grand Prix;1985-10-19;GP
435;435;29;1985;16;Australian Grand Prix;1985-11-03;GP
436;436;36;1984;1;Brazilian Grand Prix;1984-03-25;GP
437;437;30;1984;2;South African Grand Prix;1984-04-07;GP
438;438;40;1984;3;Belgian Grand Prix;1984-04-29;GP
439;439;21;1984;4;San Marino Grand Prix;1984-05-06;GP
440;440;41;1984;5;French Grand Prix;1984-05-20;GP
441;441;6;1984;6;Monaco Grand Prix;1984-06-03;GP
442;442;7;1984;7;Canadian Grand Prix;1984-06-17;GP
443;443;37;1984;8;Detroit Grand Prix;1984-06-24;GP
444;444;42;1984;9;Dallas Grand Prix;1984-07-08;GP
445;445;38;1984;10;British Grand Prix;1984-07-22;GP
446;446;10;1984;11;German Grand Prix;1984-08-05;GP
447;447;70;1984;12;Austrian Grand Prix;1984-08-19;GP
448;448;39;1984;13;Dutch Grand Prix;1984-08-26;GP
449;449;14;1984;14;Italian Grand Prix;1984-09-09;GP
450;450;20;1984;15;European Grand Prix;1984-10-07;GP
451;451;27;1984;16;Portuguese Grand Prix;1984-10-21;GP
452;452;36;1983;1;Brazilian Grand Prix;1983-03-13;GP
453;453;43;1983;2;United States Grand Prix West;1983-03-27;GP
454;454;34;1983;3;French Grand Prix;1983-04-17;GP
455;455;21;1983;4;San Marino Grand Prix;1983-05-01;GP
456;456;6;1983;5;Monaco Grand Prix;1983-05-15;GP
457;457;13;1983;6;Belgian Grand Prix;1983-05-22;GP
458;458;37;1983;7;Detroit Grand Prix;1983-06-05;GP
459;459;7;1983;8;Canadian Grand Prix;1983-06-12;GP
460;460;9;1983;9;British Grand Prix;1983-07-16;GP
461;461;10;1983;10;German Grand Prix;1983-08-07;GP
462;462;70;1983;11;Austrian Grand Prix;1983-08-14;GP
463;463;39;1983;12;Dutch Grand Prix;1983-08-28;GP
464;464;14;1983;13;Italian Grand Prix;1983-09-11;GP
465;465;38;1983;14;European Grand Prix;1983-09-25;GP
466;466;30;1983;15;South African Grand Prix;1983-10-15;GP
467;467;30;1982;1;South African Grand Prix;1982-01-23;GP
468;468;36;1982;2;Brazilian Grand Prix;1982-03-21;GP
469;469;43;1982;3;United States Grand Prix West;1982-04-04;GP
470;470;21;1982;4;San Marino Grand Prix;1982-04-25;GP
471;471;40;1982;5;Belgian Grand Prix;1982-05-09;GP
472;472;6;1982;6;Monaco Grand Prix;1982-05-23;GP
473;473;37;1982;7;Detroit Grand Prix;1982-06-06;GP
474;474;7;1982;8;Canadian Grand Prix;1982-06-13;GP
475;475;39;1982;9;Dutch Grand Prix;1982-07-03;GP
476;476;38;1982;10;British Grand Prix;1982-07-18;GP
477;477;34;1982;11;French Grand Prix;1982-07-25;GP
478;478;10;1982;12;German Grand Prix;1982-08-08;GP
479;479;70;1982;13;Austrian Grand Prix;1982-08-15;GP
480;480;41;1982;14;Swiss Grand Prix;1982-08-29;GP
481;481;14;1982;15;Italian Grand Prix;1982-09-12;GP
482;482;44;1982;16;Caesars Palace Grand Prix;1982-09-25;GP
483;483;43;1981;1;United States Grand Prix West;1981-03-15;GP
484;484;36;1981;2;Brazilian Grand Prix;1981-03-29;GP
485;485;25;1981;3;Argentine Grand Prix;1981-04-12;GP
486;486;21;1981;4;San Marino Grand Prix;1981-05-03;GP
487;487;40;1981;5;Belgian Grand Prix;1981-05-17;GP
488;488;6;1981;6;Monaco Grand Prix;1981-05-31;GP
489;489;45;1981;7;Spanish Grand Prix;1981-06-21;GP
490;490;41;1981;8;French Grand Prix;1981-07-05;GP
491;491;9;1981;9;British Grand Prix;1981-07-18;GP
492;492;10;1981;10;German Grand Prix;1981-08-02;GP
493;493;70;1981;11;Austrian Grand Prix;1981-08-16;GP
494;494;39;1981;12;Dutch Grand Prix;1981-08-30;GP
495;495;14;1981;13;Italian Grand Prix;1981-09-13;GP
496;496;7;1981;14;Canadian Grand Prix;1981-09-27;GP
497;497;44;1981;15;Caesars Palace Grand Prix;1981-10-17;GP
498;498;25;1980;1;Argentine Grand Prix;1980-01-13;GP
499;499;18;1980;2;Brazilian Grand Prix;1980-01-27;GP
500;500;30;1980;3;South African Grand Prix;1980-03-01;GP
501;501;43;1980;4;United States Grand Prix West;1980-03-30;GP
502;502;40;1980;5;Belgian Grand Prix;1980-05-04;GP
503;503;6;1980;6;Monaco Grand Prix;1980-05-18;GP
504;504;34;1980;7;French Grand Prix;1980-06-29;GP
505;505;38;1980;8;British Grand Prix;1980-07-13;GP
506;506;10;1980;9;German Grand Prix;1980-08-10;GP
507;507;70;1980;10;Austrian Grand Prix;1980-08-17;GP
508;508;39;1980;11;Dutch Grand Prix;1980-08-31;GP
509;509;21;1980;12;Italian Grand Prix;1980-09-14;GP
510;510;7;1980;13;Canadian Grand Prix;1980-09-28;GP
511;511;46;1980;14;United States Grand Prix;1980-10-05;GP
512;512;25;1979;1;Argentine Grand Prix;1979-01-21;GP
513;513;18;1979;2;Brazilian Grand Prix;1979-02-04;GP
514;514;30;1979;3;South African Grand Prix;1979-03-03;GP
515;515;43;1979;4;United States Grand Prix West;1979-04-08;GP
516;516;45;1979;5;Spanish Grand Prix;1979-04-29;GP
517;517;40;1979;6;Belgian Grand Prix;1979-05-13;GP
518;518;6;1979;7;Monaco Grand Prix;1979-05-27;GP
519;519;41;1979;8;French Grand Prix;1979-07-01;GP
520;520;9;1979;9;British Grand Prix;1979-07-14;GP
521;521;10;1979;10;German Grand Prix;1979-07-29;GP
522;522;70;1979;11;Austrian Grand Prix;1979-08-12;GP
523;523;39;1979;12;Dutch Grand Prix;1979-08-26;GP
524;524;14;1979;13;Italian Grand Prix;1979-09-09;GP
525;525;7;1979;14;Canadian Grand Prix;1979-09-30;GP
526;526;46;1979;15;United States Grand Prix;1979-10-07;GP
527;527;25;1978;1;Argentine Grand Prix;1978-01-15;GP
528;528;36;1978;2;Brazilian Grand Prix;1978-01-29;GP
529;529;30;1978;3;South African Grand Prix;1978-03-04;GP
530;530;43;1978;4;United States Grand Prix West;1978-04-02;GP
531;531;6;1978;5;Monaco Grand Prix;1978-05-07;GP
532;532;40;1978;6;Belgian Grand Prix;1978-05-21;GP
533;533;45;1978;7;Spanish Grand Prix;1978-06-04;GP
534;534;47;1978;8;Swedish Grand Prix;1978-06-17;GP
535;535;34;1978;9;French Grand Prix;1978-07-02;GP
536;536;38;1978;10;British Grand Prix;1978-07-16;GP
537;537;10;1978;11;German Grand Prix;1978-07-30;GP
538;538;70;1978;12;Austrian Grand Prix;1978-08-13;GP
539;539;39;1978;13;Dutch Grand Prix;1978-08-27;GP
540;540;14;1978;14;Italian Grand Prix;1978-09-10;GP
541;541;46;1978;15;United States Grand Prix;1978-10-01;GP
542;542;7;1978;16;Canadian Grand Prix;1978-10-08;GP
543;543;25;1977;1;Argentine Grand Prix;1977-01-09;GP
544;544;18;1977;2;Brazilian Grand Prix;1977-01-23;GP
545;545;30;1977;3;South African Grand Prix;1977-03-05;GP
546;546;43;1977;4;United States Grand Prix West;1977-04-03;GP
547;547;45;1977;5;Spanish Grand Prix;1977-05-08;GP
548;548;6;1977;6;Monaco Grand Prix;1977-05-22;GP
549;549;40;1977;7;Belgian Grand Prix;1977-06-05;GP
550;550;47;1977;8;Swedish Grand Prix;1977-06-19;GP
551;551;41;1977;9;French Grand Prix;1977-07-03;GP
552;552;9;1977;10;British Grand Prix;1977-07-16;GP
553;553;10;1977;11;German Grand Prix;1977-07-31;GP
554;554;70;1977;12;Austrian Grand Prix;1977-08-14;GP
555;555;39;1977;13;Dutch Grand Prix;1977-08-28;GP
556;556;14;1977;14;Italian Grand Prix;1977-09-11;GP
557;557;46;1977;15;United States Grand Prix;1977-10-02;GP
558;558;48;1977;16;Canadian Grand Prix;1977-10-09;GP
559;559;16;1977;17;Japanese Grand Prix;1977-10-23;GP
560;560;18;1976;1;Brazilian Grand Prix;1976-01-25;GP
561;561;30;1976;2;South African Grand Prix;1976-03-06;GP
562;562;43;1976;3;United States Grand Prix West;1976-03-28;GP
563;563;45;1976;4;Spanish Grand Prix;1976-05-02;GP
564;564;40;1976;5;Belgian Grand Prix;1976-05-16;GP
565;565;6;1976;6;Monaco Grand Prix;1976-05-30;GP
566;566;47;1976;7;Swedish Grand Prix;1976-06-13;GP
567;567;34;1976;8;French Grand Prix;1976-07-04;GP
568;568;38;1976;9;British Grand Prix;1976-07-18;GP
569;569;20;1976;10;German Grand Prix;1976-08-01;GP
570;570;70;1976;11;Austrian Grand Prix;1976-08-15;GP
571;571;39;1976;12;Dutch Grand Prix;1976-08-29;GP
572;572;14;1976;13;Italian Grand Prix;1976-09-12;GP
573;573;48;1976;14;Canadian Grand Prix;1976-10-03;GP
574;574;46;1976;15;United States Grand Prix;1976-10-10;GP
575;575;16;1976;16;Japanese Grand Prix;1976-10-24;GP
576;576;25;1975;1;Argentine Grand Prix;1975-01-12;GP
577;577;18;1975;2;Brazilian Grand Prix;1975-01-26;GP
578;578;30;1975;3;South African Grand Prix;1975-03-01;GP
579;579;49;1975;4;Spanish Grand Prix;1975-04-27;GP
580;580;6;1975;5;Monaco Grand Prix;1975-05-11;GP
581;581;40;1975;6;Belgian Grand Prix;1975-05-25;GP
582;582;47;1975;7;Swedish Grand Prix;1975-06-08;GP
583;583;39;1975;8;Dutch Grand Prix;1975-06-22;GP
584;584;34;1975;9;French Grand Prix;1975-07-06;GP
585;585;9;1975;10;British Grand Prix;1975-07-19;GP
586;586;20;1975;11;German Grand Prix;1975-08-03;GP
587;587;70;1975;12;Austrian Grand Prix;1975-08-17;GP
588;588;14;1975;13;Italian Grand Prix;1975-09-07;GP
589;589;46;1975;14;United States Grand Prix;1975-10-05;GP
590;590;25;1974;1;Argentine Grand Prix;1974-01-13;GP
591;591;18;1974;2;Brazilian Grand Prix;1974-01-27;GP
592;592;30;1974;3;South African Grand Prix;1974-03-30;GP
593;593;45;1974;4;Spanish Grand Prix;1974-04-28;GP
594;594;50;1974;5;Belgian Grand Prix;1974-05-12;GP
595;595;6;1974;6;Monaco Grand Prix;1974-05-26;GP
596;596;47;1974;7;Swedish Grand Prix;1974-06-09;GP
597;597;39;1974;8;Dutch Grand Prix;1974-06-23;GP
598;598;41;1974;9;French Grand Prix;1974-07-07;GP
599;599;38;1974;10;British Grand Prix;1974-07-20;GP
600;600;20;1974;11;German Grand Prix;1974-08-04;GP
601;601;70;1974;12;Austrian Grand Prix;1974-08-18;GP
602;602;14;1974;13;Italian Grand Prix;1974-09-08;GP
603;603;48;1974;14;Canadian Grand Prix;1974-09-22;GP
604;604;46;1974;15;United States Grand Prix;1974-10-06;GP
605;605;25;1973;1;Argentine Grand Prix;1973-01-28;GP
606;606;18;1973;2;Brazilian Grand Prix;1973-02-11;GP
607;607;30;1973;3;South African Grand Prix;1973-03-03;GP
608;608;49;1973;4;Spanish Grand Prix;1973-04-29;GP
609;609;40;1973;5;Belgian Grand Prix;1973-05-20;GP
610;610;6;1973;6;Monaco Grand Prix;1973-06-03;GP
611;611;47;1973;7;Swedish Grand Prix;1973-06-17;GP
612;612;34;1973;8;French Grand Prix;1973-07-01;GP
613;613;9;1973;9;British Grand Prix;1973-07-14;GP
614;614;39;1973;10;Dutch Grand Prix;1973-07-29;GP
615;615;20;1973;11;German Grand Prix;1973-08-05;GP
616;616;70;1973;12;Austrian Grand Prix;1973-08-19;GP
617;617;14;1973;13;Italian Grand Prix;1973-09-09;GP
618;618;48;1973;14;Canadian Grand Prix;1973-09-23;GP
619;619;46;1973;15;United States Grand Prix;1973-10-07;GP
620;620;25;1972;1;Argentine Grand Prix;1972-01-23;GP
621;621;30;1972;2;South African Grand Prix;1972-03-04;GP
622;622;45;1972;3;Spanish Grand Prix;1972-05-01;GP
623;623;6;1972;4;Monaco Grand Prix;1972-05-14;GP
624;624;50;1972;5;Belgian Grand Prix;1972-06-04;GP
625;625;51;1972;6;French Grand Prix;1972-07-02;GP
626;626;38;1972;7;British Grand Prix;1972-07-15;GP
627;627;20;1972;8;German Grand Prix;1972-07-30;GP
628;628;70;1972;9;Austrian Grand Prix;1972-08-13;GP
629;629;14;1972;10;Italian Grand Prix;1972-09-10;GP
630;630;48;1972;11;Canadian Grand Prix;1972-09-24;GP
631;631;46;1972;12;United States Grand Prix;1972-10-08;GP
632;632;30;1971;1;South African Grand Prix;1971-03-06;GP
633;633;49;1971;2;Spanish Grand Prix;1971-04-18;GP
634;634;6;1971;3;Monaco Grand Prix;1971-05-23;GP
635;635;39;1971;4;Dutch Grand Prix;1971-06-20;GP
636;636;34;1971;5;French Grand Prix;1971-07-04;GP
637;637;9;1971;6;British Grand Prix;1971-07-17;GP
638;638;20;1971;7;German Grand Prix;1971-08-01;GP
639;639;70;1971;8;Austrian Grand Prix;1971-08-15;GP
640;640;14;1971;9;Italian Grand Prix;1971-09-05;GP
641;641;48;1971;10;Canadian Grand Prix;1971-09-19;GP
642;642;46;1971;11;United States Grand Prix;1971-10-03;GP
643;643;30;1970;1;South African Grand Prix;1970-03-07;GP
644;644;45;1970;2;Spanish Grand Prix;1970-04-19;GP
645;645;6;1970;3;Monaco Grand Prix;1970-05-10;GP
646;646;13;1970;4;Belgian Grand Prix;1970-06-07;GP
647;647;39;1970;5;Dutch Grand Prix;1970-06-21;GP
648;648;51;1970;6;French Grand Prix;1970-07-05;GP
649;649;38;1970;7;British Grand Prix;1970-07-18;GP
650;650;10;1970;8;German Grand Prix;1970-08-02;GP
651;651;70;1970;9;Austrian Grand Prix;1970-08-16;GP
652;652;14;1970;10;Italian Grand Prix;1970-09-06;GP
653;653;52;1970;11;Canadian Grand Prix;1970-09-20;GP
654;654;46;1970;12;United States Grand Prix;1970-10-04;GP
655;655;32;1970;13;Mexican Grand Prix;1970-10-25;GP
656;656;30;1969;1;South African Grand Prix;1969-03-01;GP
657;657;49;1969;2;Spanish Grand Prix;1969-05-04;GP
658;658;6;1969;3;Monaco Grand Prix;1969-05-18;GP
659;659;39;1969;4;Dutch Grand Prix;1969-06-21;GP
660;660;51;1969;5;French Grand Prix;1969-07-06;GP
661;661;9;1969;6;British Grand Prix;1969-07-19;GP
662;662;20;1969;7;German Grand Prix;1969-08-03;GP
663;663;14;1969;8;Italian Grand Prix;1969-09-07;GP
664;664;48;1969;9;Canadian Grand Prix;1969-09-20;GP
665;665;46;1969;10;United States Grand Prix;1969-10-05;GP
666;666;32;1969;11;Mexican Grand Prix;1969-10-19;GP
667;667;30;1968;1;South African Grand Prix;1968-01-01;GP
668;668;45;1968;2;Spanish Grand Prix;1968-05-12;GP
669;669;6;1968;3;Monaco Grand Prix;1968-05-26;GP
670;670;13;1968;4;Belgian Grand Prix;1968-06-09;GP
671;671;39;1968;5;Dutch Grand Prix;1968-06-23;GP
672;672;53;1968;6;French Grand Prix;1968-07-07;GP
673;673;38;1968;7;British Grand Prix;1968-07-20;GP
674;674;20;1968;8;German Grand Prix;1968-08-04;GP
675;675;14;1968;9;Italian Grand Prix;1968-09-08;GP
676;676;52;1968;10;Canadian Grand Prix;1968-09-22;GP
677;677;46;1968;11;United States Grand Prix;1968-10-06;GP
678;678;32;1968;12;Mexican Grand Prix;1968-11-03;GP
679;679;30;1967;1;South African Grand Prix;1967-01-02;GP
680;680;6;1967;2;Monaco Grand Prix;1967-05-07;GP
681;681;39;1967;3;Dutch Grand Prix;1967-06-04;GP
682;682;13;1967;4;Belgian Grand Prix;1967-06-18;GP
683;683;54;1967;5;French Grand Prix;1967-07-02;GP
684;684;9;1967;6;British Grand Prix;1967-07-15;GP
685;685;20;1967;7;German Grand Prix;1967-08-06;GP
686;686;48;1967;8;Canadian Grand Prix;1967-08-27;GP
687;687;14;1967;9;Italian Grand Prix;1967-09-10;GP
688;688;46;1967;10;United States Grand Prix;1967-10-01;GP
689;689;32;1967;11;Mexican Grand Prix;1967-10-22;GP
690;690;6;1966;1;Monaco Grand Prix;1966-05-22;GP
691;691;13;1966;2;Belgian Grand Prix;1966-06-12;GP
692;692;55;1966;3;French Grand Prix;1966-07-03;GP
693;693;38;1966;4;British Grand Prix;1966-07-16;GP
694;694;39;1966;5;Dutch Grand Prix;1966-07-24;GP
695;695;20;1966;6;German Grand Prix;1966-08-07;GP
696;696;14;1966;7;Italian Grand Prix;1966-09-04;GP
697;697;46;1966;8;United States Grand Prix;1966-10-02;GP
698;698;32;1966;9;Mexican Grand Prix;1966-10-23;GP
699;699;56;1965;1;South African Grand Prix;1965-01-01;GP
700;700;6;1965;2;Monaco Grand Prix;1965-05-30;GP
701;701;13;1965;3;Belgian Grand Prix;1965-06-13;GP
702;702;51;1965;4;French Grand Prix;1965-06-27;GP
703;703;9;1965;5;British Grand Prix;1965-07-10;GP
704;704;39;1965;6;Dutch Grand Prix;1965-07-18;GP
705;705;20;1965;7;German Grand Prix;1965-08-01;GP
706;706;14;1965;8;Italian Grand Prix;1965-09-12;GP
707;707;46;1965;9;United States Grand Prix;1965-10-03;GP
708;708;32;1965;10;Mexican Grand Prix;1965-10-24;GP
709;709;6;1964;1;Monaco Grand Prix;1964-05-10;GP
710;710;39;1964;2;Dutch Grand Prix;1964-05-24;GP
711;711;13;1964;3;Belgian Grand Prix;1964-06-14;GP
712;712;53;1964;4;French Grand Prix;1964-06-28;GP
713;713;38;1964;5;British Grand Prix;1964-07-11;GP
714;714;20;1964;6;German Grand Prix;1964-08-02;GP
715;715;57;1964;7;Austrian Grand Prix;1964-08-23;GP
716;716;14;1964;8;Italian Grand Prix;1964-09-06;GP
717;717;46;1964;9;United States Grand Prix;1964-10-04;GP
718;718;32;1964;10;Mexican Grand Prix;1964-10-25;GP
719;719;6;1963;1;Monaco Grand Prix;1963-05-26;GP
720;720;13;1963;2;Belgian Grand Prix;1963-06-09;GP
721;721;39;1963;3;Dutch Grand Prix;1963-06-23;GP
722;722;55;1963;4;French Grand Prix;1963-06-30;GP
723;723;9;1963;5;British Grand Prix;1963-07-20;GP
724;724;20;1963;6;German Grand Prix;1963-08-04;GP
725;725;14;1963;7;Italian Grand Prix;1963-09-08;GP
726;726;46;1963;8;United States Grand Prix;1963-10-06;GP
727;727;32;1963;9;Mexican Grand Prix;1963-10-27;GP
728;728;56;1963;10;South African Grand Prix;1963-12-28;GP
729;729;39;1962;1;Dutch Grand Prix;1962-05-20;GP
730;730;6;1962;2;Monaco Grand Prix;1962-06-03;GP
731;731;13;1962;3;Belgian Grand Prix;1962-06-17;GP
732;732;53;1962;4;French Grand Prix;1962-07-08;GP
733;733;58;1962;5;British Grand Prix;1962-07-21;GP
734;734;20;1962;6;German Grand Prix;1962-08-05;GP
735;735;14;1962;7;Italian Grand Prix;1962-09-16;GP
736;736;46;1962;8;United States Grand Prix;1962-10-07;GP
737;737;56;1962;9;South African Grand Prix;1962-12-29;GP
738;738;6;1961;1;Monaco Grand Prix;1961-05-14;GP
739;739;39;1961;2;Dutch Grand Prix;1961-05-22;GP
740;740;13;1961;3;Belgian Grand Prix;1961-06-18;GP
741;741;55;1961;4;French Grand Prix;1961-07-02;GP
742;742;58;1961;5;British Grand Prix;1961-07-15;GP
743;743;20;1961;6;German Grand Prix;1961-08-06;GP
744;744;14;1961;7;Italian Grand Prix;1961-09-10;GP
745;745;46;1961;8;United States Grand Prix;1961-10-08;GP
746;746;25;1960;1;Argentine Grand Prix;1960-02-07;GP
747;747;6;1960;2;Monaco Grand Prix;1960-05-29;GP
748;748;19;1960;3;Indianapolis 500;1960-05-30;GP
749;749;39;1960;4;Dutch Grand Prix;1960-06-06;GP
750;750;13;1960;5;Belgian Grand Prix;1960-06-19;GP
751;751;55;1960;6;French Grand Prix;1960-07-03;GP
752;752;9;1960;7;British Grand Prix;1960-07-16;GP
753;753;59;1960;8;Portuguese Grand Prix;1960-08-14;GP
754;754;14;1960;9;Italian Grand Prix;1960-09-04;GP
755;755;60;1960;10;United States Grand Prix;1960-11-20;GP
756;756;6;1959;1;Monaco Grand Prix;1959-05-10;GP
757;757;19;1959;2;Indianapolis 500;1959-05-30;GP
758;758;39;1959;3;Dutch Grand Prix;1959-05-31;GP
759;759;55;1959;4;French Grand Prix;1959-07-05;GP
760;760;58;1959;5;British Grand Prix;1959-07-18;GP
761;761;61;1959;6;German Grand Prix;1959-08-02;GP
762;762;62;1959;7;Portuguese Grand Prix;1959-08-23;GP
763;763;14;1959;8;Italian Grand Prix;1959-09-13;GP
764;764;63;1959;9;United States Grand Prix;1959-12-12;GP
765;765;25;1958;1;Argentine Grand Prix;1958-01-19;GP
766;766;6;1958;2;Monaco Grand Prix;1958-05-18;GP
767;767;39;1958;3;Dutch Grand Prix;1958-05-26;GP
768;768;19;1958;4;Indianapolis 500;1958-05-30;GP
769;769;13;1958;5;Belgian Grand Prix;1958-06-15;GP
770;770;55;1958;6;French Grand Prix;1958-07-06;GP
771;771;9;1958;7;British Grand Prix;1958-07-19;GP
772;772;20;1958;8;German Grand Prix;1958-08-03;GP
773;773;59;1958;9;Portuguese Grand Prix;1958-08-24;GP
774;774;14;1958;10;Italian Grand Prix;1958-09-07;GP
775;775;64;1958;11;Moroccan Grand Prix;1958-10-19;GP
776;776;25;1957;1;Argentine Grand Prix;1957-01-13;GP
777;777;6;1957;2;Monaco Grand Prix;1957-05-19;GP
778;778;19;1957;3;Indianapolis 500;1957-05-30;GP
779;779;53;1957;4;French Grand Prix;1957-07-07;GP
780;780;58;1957;5;British Grand Prix;1957-07-20;GP
781;781;20;1957;6;German Grand Prix;1957-08-04;GP
782;782;65;1957;7;Pescara Grand Prix;1957-08-18;GP
783;783;14;1957;8;Italian Grand Prix;1957-09-08;GP
784;784;25;1956;1;Argentine Grand Prix;1956-01-22;GP
785;785;6;1956;2;Monaco Grand Prix;1956-05-13;GP
786;786;19;1956;3;Indianapolis 500;1956-05-30;GP
787;787;13;1956;4;Belgian Grand Prix;1956-06-03;GP
788;788;55;1956;5;French Grand Prix;1956-07-01;GP
789;789;9;1956;6;British Grand Prix;1956-07-14;GP
790;790;20;1956;7;German Grand Prix;1956-08-05;GP
791;791;14;1956;8;Italian Grand Prix;1956-09-02;GP
792;792;25;1955;1;Argentine Grand Prix;1955-01-16;GP
793;793;6;1955;2;Monaco Grand Prix;1955-05-22;GP
794;794;19;1955;3;Indianapolis 500;1955-05-30;GP
795;795;13;1955;4;Belgian Grand Prix;1955-06-05;GP
796;796;39;1955;5;Dutch Grand Prix;1955-06-19;GP
797;797;58;1955;6;British Grand Prix;1955-07-16;GP
798;798;14;1955;7;Italian Grand Prix;1955-09-11;GP
799;799;25;1954;1;Argentine Grand Prix;1954-01-17;GP
800;800;19;1954;2;Indianapolis 500;1954-05-31;GP
801;801;13;1954;3;Belgian Grand Prix;1954-06-20;GP
802;802;55;1954;4;French Grand Prix;1954-07-04;GP
803;803;9;1954;5;British Grand Prix;1954-07-17;GP
804;804;20;1954;6;German Grand Prix;1954-08-01;GP
805;805;66;1954;7;Swiss Grand Prix;1954-08-22;GP
806;806;14;1954;8;Italian Grand Prix;1954-09-05;GP
807;807;67;1954;9;Spanish Grand Prix;1954-10-24;GP
808;808;25;1953;1;Argentine Grand Prix;1953-01-18;GP
809;809;19;1953;2;Indianapolis 500;1953-05-30;GP
810;810;39;1953;3;Dutch Grand Prix;1953-06-07;GP
811;811;13;1953;4;Belgian Grand Prix;1953-06-21;GP
812;812;55;1953;5;French Grand Prix;1953-07-05;GP
813;813;9;1953;6;British Grand Prix;1953-07-18;GP
814;814;20;1953;7;German Grand Prix;1953-08-02;GP
815;815;66;1953;8;Swiss Grand Prix;1953-08-23;GP
816;816;14;1953;9;Italian Grand Prix;1953-09-13;GP
817;817;66;1952;1;Swiss Grand Prix;1952-05-18;GP
818;818;19;1952;2;Indianapolis 500;1952-05-30;GP
819;819;13;1952;3;Belgian Grand Prix;1952-06-22;GP
820;820;53;1952;4;French Grand Prix;1952-07-06;GP
821;821;9;1952;5;British Grand Prix;1952-07-19;GP
822;822;20;1952;6;German Grand Prix;1952-08-03;GP
823;823;39;1952;7;Dutch Grand Prix;1952-08-17;GP
824;824;14;1952;8;Italian Grand Prix;1952-09-07;GP
825;825;66;1951;1;Swiss Grand Prix;1951-05-27;GP
826;826;19;1951;2;Indianapolis 500;1951-05-30;GP
827;827;13;1951;3;Belgian Grand Prix;1951-06-17;GP
828;828;55;1951;4;French Grand Prix;1951-07-01;GP
829;829;9;1951;5;British Grand Prix;1951-07-14;GP
830;830;20;1951;6;German Grand Prix;1951-07-29;GP
831;831;14;1951;7;Italian Grand Prix;1951-09-16;GP
832;832;67;1951;8;Spanish Grand Prix;1951-10-28;GP
833;833;9;1950;1;British Grand Prix;1950-05-13;GP
834;834;6;1950;2;Monaco Grand Prix;1950-05-21;GP
835;835;19;1950;3;Indianapolis 500;1950-05-30;GP
836;836;66;1950;4;Swiss Grand Prix;1950-06-04;GP
837;837;13;1950;5;Belgian Grand Prix;1950-06-18;GP
838;838;55;1950;6;French Grand Prix;1950-07-02;GP
839;839;14;1950;7;Italian Grand Prix;1950-09-03;GP
840;841;1;2011;1;Australian Grand Prix;2011-03-27;GP
841;842;2;2011;2;Malaysian Grand Prix;2011-04-10;GP
842;843;17;2011;3;Chinese Grand Prix;2011-04-17;GP
843;844;5;2011;4;Turkish Grand Prix;2011-05-08;GP
844;845;4;2011;5;Spanish Grand Prix;2011-05-22;GP
845;846;6;2011;6;Monaco Grand Prix;2011-05-29;GP
846;847;7;2011;7;Canadian Grand Prix;2011-06-12;GP
847;848;12;2011;8;European Grand Prix;2011-06-26;GP
848;849;9;2011;9;British Grand Prix;2011-07-10;GP
849;850;20;2011;10;German Grand Prix;2011-07-24;GP
850;851;11;2011;11;Hungarian Grand Prix;2011-07-31;GP
851;852;13;2011;12;Belgian Grand Prix;2011-08-28;GP
852;853;14;2011;13;Italian Grand Prix;2011-09-11;GP
853;854;15;2011;14;Singapore Grand Prix;2011-09-25;GP
854;855;22;2011;15;Japanese Grand Prix;2011-10-09;GP
855;856;35;2011;16;Korean Grand Prix;2011-10-16;GP
856;857;68;2011;17;Indian Grand Prix;2011-10-30;GP
857;858;24;2011;18;Abu Dhabi Grand Prix;2011-11-13;GP
858;859;18;2011;19;Brazilian Grand Prix;2011-11-27;GP
859;860;1;2012;1;Australian Grand Prix;2012-03-18;GP
860;861;2;2012;2;Malaysian Grand Prix;2012-03-25;GP
861;862;17;2012;3;Chinese Grand Prix;2012-04-15;GP
862;863;3;2012;4;Bahrain Grand Prix;2012-04-22;GP
863;864;4;2012;5;Spanish Grand Prix;2012-05-13;GP
864;865;6;2012;6;Monaco Grand Prix;2012-05-27;GP
865;866;7;2012;7;Canadian Grand Prix;2012-06-10;GP
866;867;12;2012;8;European Grand Prix;2012-06-24;GP
867;868;9;2012;9;British Grand Prix;2012-07-08;GP
868;869;10;2012;10;German Grand Prix;2012-07-22;GP
869;870;11;2012;11;Hungarian Grand Prix;2012-07-29;GP
870;871;13;2012;12;Belgian Grand Prix;2012-09-02;GP
871;872;14;2012;13;Italian Grand Prix;2012-09-09;GP
872;873;15;2012;14;Singapore Grand Prix;2012-09-23;GP
873;874;22;2012;15;Japanese Grand Prix;2012-10-07;GP
874;875;35;2012;16;Korean Grand Prix;2012-10-14;GP
875;876;68;2012;17;Indian Grand Prix;2012-10-28;GP
876;877;24;2012;18;Abu Dhabi Grand Prix;2012-11-04;GP
877;878;69;2012;19;United States Grand Prix;2012-11-18;GP
878;879;18;2012;20;Brazilian Grand Prix;2012-11-25;GP
879;880;1;2013;1;Australian Grand Prix;2013-03-17;GP
880;881;2;2013;2;Malaysian Grand Prix;2013-03-24;GP
881;882;17;2013;3;Chinese Grand Prix;2013-04-14;GP
882;883;3;2013;4;Bahrain Grand Prix;2013-04-21;GP
883;884;4;2013;5;Spanish Grand Prix;2013-05-12;GP
884;885;6;2013;6;Monaco Grand Prix;2013-05-26;GP
885;886;7;2013;7;Canadian Grand Prix;2013-06-09;GP
886;887;9;2013;8;British Grand Prix;2013-06-30;GP
887;888;20;2013;9;German Grand Prix;2013-07-07;GP
888;890;11;2013;10;Hungarian Grand Prix;2013-07-28;GP
889;891;13;2013;11;Belgian Grand Prix;2013-08-25;GP
890;892;14;2013;12;Italian Grand Prix;2013-09-08;GP
891;893;15;2013;13;Singapore Grand Prix;2013-09-22;GP
892;894;35;2013;14;Korean Grand Prix;2013-10-06;GP
893;895;22;2013;15;Japanese Grand Prix;2013-10-13;GP
894;896;68;2013;16;Indian Grand Prix;2013-10-27;GP
895;897;24;2013;17;Abu Dhabi Grand Prix;2013-11-03;GP
896;898;69;2013;18;United States Grand Prix;2013-11-17;GP
897;899;18;2013;19;Brazilian Grand Prix;2013-11-24;GP
898;900;1;2014;1;Australian Grand Prix;2014-03-16;GP
899;901;2;2014;2;Malaysian Grand Prix;2014-03-30;GP
900;902;3;2014;3;Bahrain Grand Prix;2014-04-06;GP
901;903;17;2014;4;Chinese Grand Prix;2014-04-20;GP
902;904;4;2014;5;Spanish Grand Prix;2014-05-11;GP
903;905;6;2014;6;Monaco Grand Prix;2014-05-25;GP
904;906;7;2014;7;Canadian Grand Prix;2014-06-08;GP
905;907;70;2014;8;Austrian Grand Prix;2014-06-22;GP
906;908;9;2014;9;British Grand Prix;2014-07-06;GP
907;909;10;2014;10;German Grand Prix;2014-07-20;GP
908;910;11;2014;11;Hungarian Grand Prix;2014-07-27;GP
909;911;13;2014;12;Belgian Grand Prix;2014-08-24;GP
910;912;14;2014;13;Italian Grand Prix;2014-09-07;GP
911;913;15;2014;14;Singapore Grand Prix;2014-09-21;GP
912;914;22;2014;15;Japanese Grand Prix;2014-10-05;GP
913;915;71;2014;16;Russian Grand Prix;2014-10-12;GP
914;916;69;2014;17;United States Grand Prix;2014-11-02;GP
915;917;18;2014;18;Brazilian Grand Prix;2014-11-09;GP
916;918;24;2014;19;Abu Dhabi Grand Prix;2014-11-23;GP
917;931;6;2015;6;Monaco Grand Prix;2015-05-24;GP
918;932;7;2015;7;Canadian Grand Prix;2015-06-07;GP
919;929;3;2015;4;Bahrain Grand Prix;2015-04-19;GP
920;930;4;2015;5;Spanish Grand Prix;2015-05-10;GP
921;928;17;2015;3;Chinese Grand Prix;2015-04-12;GP
922;926;1;2015;1;Australian Grand Prix;2015-03-15;GP
923;927;2;2015;2;Malaysian Grand Prix;2015-03-29;GP
924;933;70;2015;8;Austrian Grand Prix;2015-06-21;GP
925;934;9;2015;9;British Grand Prix;2015-07-05;GP
926;936;11;2015;10;Hungarian Grand Prix;2015-07-26;GP
927;937;13;2015;11;Belgian Grand Prix;2015-08-23;GP
928;938;14;2015;12;Italian Grand Prix;2015-09-06;GP
929;939;15;2015;13;Singapore Grand Prix;2015-09-20;GP
930;940;22;2015;14;Japanese Grand Prix;2015-09-27;GP
931;941;71;2015;15;Russian Grand Prix;2015-10-11;GP
932;942;69;2015;16;United States Grand Prix;2015-10-25;GP
933;943;32;2015;17;Mexican Grand Prix;2015-11-01;GP
934;944;18;2015;18;Brazilian Grand Prix;2015-11-15;GP
935;945;24;2015;19;Abu Dhabi Grand Prix;2015-11-29;GP
936;948;1;2016;1;Australian Grand Prix;2016-03-20;GP
937;949;3;2016;2;Bahrain Grand Prix;2016-04-03;GP
938;950;17;2016;3;Chinese Grand Prix;2016-04-17;GP
939;951;71;2016;4;Russian Grand Prix;2016-05-01;GP
940;952;4;2016;5;Spanish Grand Prix;2016-05-15;GP
941;953;6;2016;6;Monaco Grand Prix;2016-05-29;GP
942;954;7;2016;7;Canadian Grand Prix;2016-06-12;GP
943;955;72;2016;8;European Grand Prix;2016-06-19;GP
944;956;70;2016;9;Austrian Grand Prix;2016-07-03;GP
945;957;9;2016;10;British Grand Prix;2016-07-10;GP
946;958;11;2016;11;Hungarian Grand Prix;2016-07-24;GP
947;959;10;2016;12;German Grand Prix;2016-07-31;GP
948;960;13;2016;13;Belgian Grand Prix;2016-08-28;GP
949;961;14;2016;14;Italian Grand Prix;2016-09-04;GP
950;962;15;2016;15;Singapore Grand Prix;2016-09-18;GP
951;963;2;2016;16;Malaysian Grand Prix;2016-10-02;GP
952;964;22;2016;17;Japanese Grand Prix;2016-10-09;GP
953;965;69;2016;18;United States Grand Prix;2016-10-23;GP
954;966;32;2016;19;Mexican Grand Prix;2016-10-30;GP
955;967;18;2016;20;Brazilian Grand Prix;2016-11-13;GP
956;968;24;2016;21;Abu Dhabi Grand Prix;2016-11-27;GP
957;969;1;2017;1;Australian Grand Prix;2017-03-26;GP
958;970;17;2017;2;Chinese Grand Prix;2017-04-09;GP
959;971;3;2017;3;Bahrain Grand Prix;2017-04-16;GP
960;972;71;2017;4;Russian Grand Prix;2017-04-30;GP
961;973;4;2017;5;Spanish Grand Prix;2017-05-14;GP
962;974;6;2017;6;Monaco Grand Prix;2017-05-28;GP
963;975;7;2017;7;Canadian Grand Prix;2017-06-11;GP
964;976;72;2017;8;Azerbaijan Grand Prix;2017-06-25;GP
965;977;70;2017;9;Austrian Grand Prix;2017-07-09;GP
966;978;9;2017;10;British Grand Prix;2017-07-16;GP
967;979;11;2017;11;Hungarian Grand Prix;2017-07-30;GP
968;980;13;2017;12;Belgian Grand Prix;2017-08-27;GP
969;981;14;2017;13;Italian Grand Prix;2017-09-03;GP
970;982;15;2017;14;Singapore Grand Prix;2017-09-17;GP
971;983;2;2017;15;Malaysian Grand Prix;2017-10-01;GP
972;984;22;2017;16;Japanese Grand Prix;2017-10-08;GP
973;985;69;2017;17;United States Grand Prix;2017-10-22;GP
974;986;32;2017;18;Mexican Grand Prix;2017-10-29;GP
975;987;18;2017;19;Brazilian Grand Prix;2017-11-12;GP
976;988;24;2017;20;Abu Dhabi Grand Prix;2017-11-26;GP
977;989;1;2018;1;Australian Grand Prix;2018-03-25;GP
978;990;3;2018;2;Bahrain Grand Prix;2018-04-08;GP
979;991;17;2018;3;Chinese Grand Prix;2018-04-15;GP
980;992;72;2018;4;Azerbaijan Grand Prix;2018-04-29;GP
981;993;4;2018;5;Spanish Grand Prix;2018-05-13;GP
982;994;6;2018;6;Monaco Grand Prix;2018-05-27;GP
983;995;7;2018;7;Canadian Grand Prix;2018-06-10;GP
984;996;34;2018;8;French Grand Prix;2018-06-24;GP
985;997;70;2018;9;Austrian Grand Prix;2018-07-01;GP
986;998;9;2018;10;British Grand Prix;2018-07-08;GP
987;999;10;2018;11;German Grand Prix;2018-07-22;GP
988;1000;11;2018;12;Hungarian Grand Prix;2018-07-29;GP
989;1001;13;2018;13;Belgian Grand Prix;2018-08-26;GP
990;1002;14;2018;14;Italian Grand Prix;2018-09-02;GP
991;1003;15;2018;15;Singapore Grand Prix;2018-09-16;GP
992;1004;71;2018;16;Russian Grand Prix;2018-09-30;GP
993;1005;22;2018;17;Japanese Grand Prix;2018-10-07;GP
994;1006;69;2018;18;United States Grand Prix;2018-10-21;GP
995;1007;32;2018;19;Mexican Grand Prix;2018-10-28;GP
996;1008;18;2018;20;Brazilian Grand Prix;2018-11-11;GP
997;1009;24;2018;21;Abu Dhabi Grand Prix;2018-11-25;GP
998;1010;1;2019;1;Australian Grand Prix;2019-03-17;GP
999;1011;3;2019;2;Bahrain Grand Prix;2019-03-31;GP
1000;1012;17;2019;3;Chinese Grand Prix;2019-04-14;GP
1001;1013;72;2019;4;Azerbaijan Grand Prix;2019-04-28;GP
1002;1014;4;2019;5;Spanish Grand Prix;2019-05-12;GP
1003;1015;6;2019;6;Monaco Grand Prix;2019-05-26;GP
1004;1016;7;2019;7;Canadian Grand Prix;2019-06-09;GP
1005;1017;34;2019;8;French Grand Prix;2019-06-23;GP
1006;1018;70;2019;9;Austrian Grand Prix;2019-06-30;GP
1007;1019;9;2019;10;British Grand Prix;2019-07-14;GP
1008;1020;10;2019;11;German Grand Prix;2019-07-28;GP
1009;1021;11;2019;12;Hungarian Grand Prix;2019-08-04;GP
1010;1022;13;2019;13;Belgian Grand Prix;2019-09-01;GP
1011;1023;14;2019;14;Italian Grand Prix;2019-09-08;GP
1012;1024;15;2019;15;Singapore Grand Prix;2019-09-22;GP
1013;1025;71;2019;16;Russian Grand Prix;2019-09-29;GP
1014;1026;22;2019;17;Japanese Grand Prix;2019-10-13;GP
1015;1027;32;2019;18;Mexican Grand Prix;2019-10-27;GP
1016;1028;69;2019;19;United States Grand Prix;2019-11-03;GP
1017;1029;18;2019;20;Brazilian Grand Prix;2019-11-17;GP
1018;1030;24;2019;21;Abu Dhabi Grand Prix;2019-12-01;GP
1019;1031;70;2020;1;Austrian Grand Prix;2020-07-05;GP
1020;1032;70;2020;2;Styrian Grand Prix;2020-07-12;GP
1021;1033;11;2020;3;Hungarian Grand Prix;2020-07-19;GP
1022;1034;9;2020;4;British Grand Prix;2020-08-02;GP
1023;1035;9;2020;5;70th Anniversary Grand Prix;2020-08-09;GP
1024;1036;4;2020;6;Spanish Grand Prix;2020-08-16;GP
1025;1037;13;2020;7;Belgian Grand Prix;2020-08-30;GP
1026;1038;14;2020;8;Italian Grand Prix;2020-09-06;GP
1027;1039;74;2020;9;Tuscan Grand Prix;2020-09-13;GP
1028;1040;71;2020;10;Russian Grand Prix;2020-09-27;GP
1029;1041;20;2020;11;Eifel Grand Prix;2020-10-11;GP
1030;1042;73;2020;12;Portuguese Grand Prix;2020-10-25;GP
1031;1043;21;2020;13;Emilia Romagna Grand Prix;2020-11-01;GP
1032;1044;5;2020;14;Turkish Grand Prix;2020-11-15;GP
1033;1045;3;2020;15;Bahrain Grand Prix;2020-11-29;GP
1034;1046;3;2020;16;Sakhir Grand Prix;2020-12-06;GP
1035;1047;24;2020;17;Abu Dhabi Grand Prix;2020-12-13;GP
1036;1053;21;2021;2;Emilia Romagna Grand Prix;2021-04-18;GP
1037;1074;3;2022;1;Bahrain Grand Prix;2022-03-20;GP
1038;1052;3;2021;1;Bahrain Grand Prix;2021-03-28;GP
1039;1051;76;2021;20;Qatar Grand Prix;2021-11-21;GP
1040;1054;73;2021;3;Portuguese Grand Prix;2021-05-02;GP
1041;1055;4;2021;4;Spanish Grand Prix;2021-05-09;GP
1042;1056;6;2021;5;Monaco Grand Prix;2021-05-23;GP
1043;1057;72;2021;6;Azerbaijan Grand Prix;2021-06-06;GP
1044;1058;70;2021;8;Styrian Grand Prix;2021-06-27;GP
1045;1059;34;2021;7;French Grand Prix;2021-06-20;GP
1046;1060;70;2021;9;Austrian Grand Prix;2021-07-04;GP
1047;1061;9;2021;10;British Grand Prix;2021-07-18;SPRINT_WEEKEND
1048;1062;11;2021;11;Hungarian Grand Prix;2021-08-01;GP
1049;1063;13;2021;12;Belgian Grand Prix;2021-08-29;GP
1050;1064;39;2021;13;Dutch Grand Prix;2021-09-05;GP
1051;1065;14;2021;14;Italian Grand Prix;2021-09-12;SPRINT_WEEKEND
1052;1066;71;2021;15;Russian Grand Prix;2021-09-26;GP
1053;1067;5;2021;16;Turkish Grand Prix;2021-10-10;GP
1054;1069;69;2021;17;United States Grand Prix;2021-10-24;GP
1055;1070;32;2021;18;Mexico City Grand Prix;2021-11-07;GP
1056;1071;18;2021;19;So Paulo Grand Prix;2021-11-14;SPRINT_WEEKEND
1057;1072;75;2021;21;Saudi Arabian Grand Prix;2021-12-05;GP
1058;1073;24;2021;22;Abu Dhabi Grand Prix;2021-12-12;GP
1059;1075;75;2022;2;Saudi Arabian Grand Prix;2022-03-27;GP
1060;1076;1;2022;3;Australian Grand Prix;2022-04-10;GP
1061;1077;21;2022;4;Emilia Romagna Grand Prix;2022-04-24;SPRINT_WEEKEND
1062;1078;77;2022;5;Miami Grand Prix;2022-05-08;GP
1063;1079;4;2022;6;Spanish Grand Prix;2022-05-22;GP
1064;1080;6;2022;7;Monaco Grand Prix;2022-05-29;GP
1065;1081;72;2022;8;Azerbaijan Grand Prix;2022-06-12;GP
1066;1082;7;2022;9;Canadian Grand Prix;2022-06-19;GP
1067;1083;9;2022;10;British Grand Prix;2022-07-03;GP
1068;1084;70;2022;11;Austrian Grand Prix;2022-07-10;SPRINT_WEEKEND
1069;1085;34;2022;12;French Grand Prix;2022-07-24;GP
1070;1086;11;2022;13;Hungarian Grand Prix;2022-07-31;GP
1071;1087;13;2022;14;Belgian Grand Prix;2022-08-28;GP
1072;1088;39;2022;15;Dutch Grand Prix;2022-09-04;GP
1073;1089;14;2022;16;Italian Grand Prix;2022-09-11;GP
1074;1091;15;2022;17;Singapore Grand Prix;2022-10-02;GP
1075;1092;22;2022;18;Japanese Grand Prix;2022-10-09;GP
1076;1093;69;2022;19;United States Grand Prix;2022-10-23;GP
1077;1094;32;2022;20;Mexico City Grand Prix;2022-10-30;GP
1078;1095;18;2022;21;So Paulo Grand Prix;2022-11-13;SPRINT_WEEKEND
1079;1096;24;2022;22;Abu Dhabi Grand Prix;2022-11-20;GP
1080;1098;3;2023;1;Bahrain Grand Prix;2023-03-05;GP
1081;1099;75;2023;2;Saudi Arabian Grand Prix;2023-03-19;GP
1082;1100;1;2023;3;Australian Grand Prix;2023-04-02;GP
1083;1101;72;2023;4;Azerbaijan Grand Prix;2023-04-30;SPRINT_WEEKEND
1084;1102;77;2023;5;Miami Grand Prix;2023-05-07;GP
1085;1104;6;2023;6;Monaco Grand Prix;2023-05-28;GP
1086;1105;4;2023;7;Spanish Grand Prix;2023-06-04;GP
1087;1106;7;2023;8;Canadian Grand Prix;2023-06-18;GP
1088;1107;70;2023;9;Austrian Grand Prix;2023-07-02;SPRINT_WEEKEND
1089;1108;9;2023;10;British Grand Prix;2023-07-09;GP
1090;1109;11;2023;11;Hungarian Grand Prix;2023-07-23;GP
1091;1110;13;2023;12;Belgian Grand Prix;2023-07-30;SPRINT_WEEKEND
1092;1111;39;2023;13;Dutch Grand Prix;2023-08-27;GP
1093;1112;14;2023;14;Italian Grand Prix;2023-09-03;GP
1094;1113;15;2023;15;Singapore Grand Prix;2023-09-17;GP
1095;1114;22;2023;16;Japanese Grand Prix;2023-09-24;GP
1096;1115;76;2023;17;Qatar Grand Prix;2023-10-08;SPRINT_WEEKEND
1097;1116;69;2023;18;United States Grand Prix;2023-10-22;SPRINT_WEEKEND
1098;1117;32;2023;19;Mexico City Grand Prix;2023-10-29;GP
1099;1118;18;2023;20;So Paulo Grand Prix;2023-11-05;SPRINT_WEEKEND
1100;1119;23;2023;21;Las Vegas Grand Prix;2023-11-19;GP
1101;1120;24;2023;22;Abu Dhabi Grand Prix;2023-11-26;GP
1102;1121;3;2024;1;Bahrain Grand Prix;2024-03-02;GP
1103;1122;75;2024;2;Saudi Arabian Grand Prix;2024-03-09;GP
1104;1123;1;2024;3;Australian Grand Prix;2024-03-24;GP
1105;1124;22;2024;4;Japanese Grand Prix;2024-04-07;GP
1106;1125;17;2024;5;Chinese Grand Prix;2024-04-21;SPRINT_WEEKEND
1107;1126;77;2024;6;Miami Grand Prix;2024-05-05;SPRINT_WEEKEND
1108;1127;21;2024;7;Emilia Romagna Grand Prix;2024-05-19;GP
1109;1128;6;2024;8;Monaco Grand Prix;2024-05-26;GP
1110;1129;7;2024;9;Canadian Grand Prix;2024-06-09;GP
1111;1130;4;2024;10;Spanish Grand Prix;2024-06-23;GP
1112;1131;70;2024;11;Austrian Grand Prix;2024-06-30;SPRINT_WEEKEND
1113;1132;9;2024;12;British Grand Prix;2024-07-07;GP
1114;1133;11;2024;13;Hungarian Grand Prix;2024-07-21;GP
1115;1134;13;2024;14;Belgian Grand Prix;2024-07-28;GP
1116;1135;39;2024;15;Dutch Grand Prix;2024-08-25;GP
1117;1136;14;2024;16;Italian Grand Prix;2024-09-01;GP
1118;1137;72;2024;17;Azerbaijan Grand Prix;2024-09-15;GP
1119;1138;15;2024;18;Singapore Grand Prix;2024-09-22;GP
1120;1139;69;2024;19;United States Grand Prix;2024-10-20;SPRINT_WEEKEND
1121;1140;32;2024;20;Mexico City Grand Prix;2024-10-27;GP
1122;1141;18;2024;21;So Paulo Grand Prix;2024-11-03;SPRINT_WEEKEND
1123;1142;23;2024;22;Las Vegas Grand Prix;2024-11-23;GP
1124;1143;76;2024;23;Qatar Grand Prix;2024-12-01;SPRINT_WEEKEND
1125;1144;24;2024;24;Abu Dhabi Grand Prix;2024-12-08;GP
